invo_latency(ms),concurrency
269.3026065826416,1
278.1383991241455,2
297.0998287200928,3
295.72534561157227,4
574.8131275177002,5
555.3290843963623,6
379.38570976257324,7
306.3199520111084,8
313.39478492736816,9
566.8087005615234,10
