invo_latency(ms),concurrency
266.57652854919434,1
563.8144016265869,2
814.9805068969727,3
1086.7676734924316,4
1365.877389907837,5
1704.7646045684814,6
1958.5065841674805,7
2228.8999557495117,8
2529.6783447265625,9
2806.8058490753174,10
