container_name,exec_time(ms)
vigilant_dhawan,3661.0443592071533
vigilant_dhawan,3719.303846359253
vigilant_dhawan,3383.3582401275635
vigilant_dhawan,3678.8480281829834
vigilant_dhawan,4163.694381713867
vigilant_dhawan,4222.974061965942
vigilant_dhawan,3448.3115673065186
vigilant_dhawan,4067.955732345581
vigilant_dhawan,4158.488035202026
vigilant_dhawan,3355.6017875671387
vigilant_dhawan,4130.037546157837
vigilant_dhawan,4309.481620788574
vigilant_dhawan,3753.0696392059326
vigilant_dhawan,4047.865629196167
vigilant_dhawan,3595.975637435913
vigilant_dhawan,3880.242109298706
vigilant_dhawan,3931.565999984741
vigilant_dhawan,3935.7821941375732
vigilant_dhawan,4430.971145629883
vigilant_dhawan,3876.694679260254
vigilant_dhawan,3825.531005859375
vigilant_dhawan,4315.582036972046
vigilant_dhawan,4000.18310546875
vigilant_dhawan,4425.825834274292
vigilant_dhawan,4493.271112442017
vigilant_dhawan,3789.763927459717
vigilant_dhawan,4048.3577251434326
vigilant_dhawan,4616.443157196045
vigilant_dhawan,4287.126779556274
vigilant_dhawan,3390.5625343322754
vigilant_dhawan,4229.685068130493
vigilant_dhawan,4025.2795219421387
vigilant_dhawan,3816.249370574951
vigilant_dhawan,3339.0839099884033
vigilant_dhawan,3844.8290824890137
vigilant_dhawan,4160.57014465332
vigilant_dhawan,4421.801328659058
vigilant_dhawan,3563.5271072387695
vigilant_dhawan,4436.465263366699
vigilant_dhawan,4498.575448989868
