container_name,exec_time(ms),queue_time(ms)
vibrant_wilson,1751.8949508666992,0
vibrant_wilson,1795.4938411712646,0
vibrant_wilson,1808.8171482086182,0
vibrant_wilson,1800.6253242492676,0
vibrant_wilson,1797.1413135528564,0
vibrant_wilson,1814.7742748260498,0
vibrant_wilson,1741.7213916778564,0
vibrant_wilson,1815.9403800964355,0
vibrant_wilson,1829.050064086914,0
vibrant_wilson,1802.3991584777832,0
vibrant_wilson,1787.6431941986084,0
vibrant_wilson,1808.2661628723145,0
vibrant_wilson,1815.6895637512207,0
vibrant_wilson,1802.6432991027832,0
vibrant_wilson,1954.81276512146,0
vibrant_wilson,1893.955945968628,0
vibrant_wilson,1769.3829536437988,0
vibrant_wilson,1795.8993911743164,0
vibrant_wilson,1912.726640701294,0
vibrant_wilson,1812.8154277801514,0
