container_name,exec_time(ms)
quirky_mestorf,2035.9954833984375
quirky_mestorf,2104.6881675720215
quirky_mestorf,2017.0817375183105
quirky_mestorf,2162.1062755584717
quirky_mestorf,1984.0824604034424
quirky_mestorf,2048.0363368988037
quirky_mestorf,2133.8000297546387
quirky_mestorf,2092.607021331787
quirky_mestorf,2098.79732131958
quirky_mestorf,1985.7690334320068
quirky_mestorf,1952.5330066680908
quirky_mestorf,2259.524345397949
quirky_mestorf,2235.966205596924
quirky_mestorf,2218.4391021728516
quirky_mestorf,2087.0931148529053
quirky_mestorf,2021.012783050537
quirky_mestorf,2003.7264823913574
quirky_mestorf,2078.922748565674
quirky_mestorf,2181.4043521881104
quirky_mestorf,2199.8493671417236
